features,model,fractal,regime_mode,used_lime,used_online_adapt,used_rfe,rfe_features_selected,mse,rmse,mae,r2,explained_variance,mape
DIX,ARIMA,none,feature,False,False,False,,11.513700160040147,3.3931843687073866,2.7544182343067853,0.3794056249896901,0.46991275916712183,17.696373638475936
DIX,GARCH,none,feature,False,False,False,,83.67996314673759,9.147675286472383,8.049273817180802,-3.5103931584192214,-0.018135148491324138,43.46097916660083
DIX,ANN,none,feature,False,False,False,,0.01384058816784599,0.11764602912060394,0.10184201708868763,-3.1305911358009952,-1.0702930932083214,127.20451615236598
DIX,RNN,none,feature,False,False,False,,0.006893268822014156,0.08302571181275205,0.07417787265216456,-1.0572301370149315,-0.10993995720745575,97.50692253037772
DIX,LSTM,none,feature,False,False,False,,0.0032905915318641185,0.057363677809778885,0.04608949580849291,0.01795443602343072,0.033852636327802665,53.90369174470051
DIX,GRU,none,feature,False,False,False,,0.0036711782958884108,0.06059024918160026,0.05023387621901074,-0.09562804290142157,0.01689676084753422,63.46448987328919
DIX,CNN,none,feature,False,False,False,,0.010292989261812746,0.10145437034358228,0.09121139761428335,-2.0718441796072415,-0.19205866279325234,119.27292348659235
DIX,CNN_LSTM,none,feature,False,False,False,,0.004517724777544238,0.06721402217948452,0.05840745197861973,-0.3482717420539321,-0.0485065603703001,74.29180297435896
DIX,ARIMA,hurst,feature,False,False,False,,12.124524539457317,3.4820287964715795,2.834046747840598,0.091124633435402,0.262894040917397,18.53619374333981
DIX,GARCH,hurst,feature,False,False,False,,70.8938544375359,8.419848836976582,7.572674555575782,-4.314326160123115,-0.015615624488694024,42.32403066140999
DIX,ANN,hurst,feature,False,False,False,,0.0033416504735893846,0.05780701059205003,0.04927736367408035,-0.37803590541782217,-0.20683075655879302,60.384078560941155
DIX,RNN,hurst,feature,False,False,False,,0.004001941863749529,0.0632609031215136,0.05009354403825049,-0.6503280708822623,-0.6481581106697105,54.67916731797975
DIX,LSTM,hurst,feature,False,False,False,,0.003251662462983659,0.05702335015573584,0.04896242774372028,-0.3409264857906371,-0.0760942690393287,64.18925306193607
DIX,GRU,hurst,feature,False,False,False,,0.005129514599797398,0.07162062970818811,0.06230275867590369,-1.1153185683998403,-0.049190067597913556,88.26035687317014
DIX,CNN,hurst,feature,False,False,False,,0.004696851601184677,0.06853358009899,0.06056540993566572,-0.9368962134149861,-0.09183291516207559,82.06557052971338
DIX,CNN_LSTM,hurst,feature,False,False,False,,0.009766164443762982,0.09882390623610758,0.08884506864088258,-3.0273886715819254,-0.19689588640603817,121.04375201972937
DIX,ARIMA,wavelet,feature,False,False,False,,12.702823412402791,3.564102048539406,2.9374060154091994,-0.021310779236695998,0.16315588651216872,19.21949039288694
DIX,GARCH,wavelet,feature,False,False,False,,66.35858810930222,8.146078081463633,7.332374104463167,-4.335250214120618,-0.01263194414518276,41.34189807175817
DIX,ANN,wavelet,feature,False,False,False,,0.006248773285805721,0.07904918270169352,0.06824816235203698,-1.7492322801009759,0.05698925357302087,85.7913148182185
DIX,RNN,wavelet,feature,False,False,False,,0.007547740254308067,0.08687773163652505,0.0784918942908367,-2.320730357764244,0.10111502558759078,96.01314084538961
DIX,LSTM,wavelet,feature,False,False,False,,0.009337744445919487,0.09663200528768658,0.09030120236884157,-3.108266899740041,0.31245636900143015,114.25253378342329
DIX,GRU,wavelet,feature,False,False,False,,0.008627946338400062,0.09288673930330454,0.08532801084308464,-2.7959816270482545,0.18993140262544028,104.82164266785452
DIX,CNN,wavelet,feature,False,False,False,,0.008412499579253836,0.09171967934556813,0.07681432415220135,-2.701192912880403,-0.6011666063946068,89.26936107821362
DIX,CNN_LSTM,wavelet,feature,False,False,False,,0.007592119323908738,0.08713276837050879,0.07701748249726217,-2.3402555293661904,-0.04417205394700807,95.96666693080492
GEX,ARIMA,none,feature,False,False,False,,11.513700160040147,3.3931843687073866,2.7544182343067853,0.3794056249896901,0.46991275916712183,17.696373638475936
GEX,GARCH,none,feature,False,False,False,,83.67996314673759,9.147675286472383,8.049273817180802,-3.5103931584192214,-0.018135148491324138,43.46097916660083
GEX,ANN,none,feature,False,False,False,,0.0020493777542599525,0.04527005361450274,0.034620755846663964,0.3883828141552643,0.41987933626026175,33.72990810586796
GEX,RNN,none,feature,False,False,False,,0.0033248217817908737,0.05766126760478713,0.04915227750363639,0.007738745388824353,0.2429187162237334,65.34942062937112
GEX,LSTM,none,feature,False,False,False,,0.0028500153086966806,0.053385534639045065,0.041031376233278745,0.14944019515380458,0.21132892833855554,39.939028524211025
GEX,GRU,none,feature,False,False,False,,0.00315214263427119,0.05614394565998359,0.04287693036368283,0.059273185069611656,0.09168501270104301,43.4520763908119
GEX,CNN,none,feature,False,False,False,,0.002073086467860626,0.045531159307232956,0.03344386850109857,0.38130717538525183,0.45753576946819374,30.192832241683455
GEX,CNN_LSTM,none,feature,False,False,False,,0.0020562153780149324,0.045345511112070754,0.032640153570476844,0.3863421907561896,0.4768718002630654,28.531641361840144
GEX,ARIMA,hurst,feature,False,False,False,,12.124524539457317,3.4820287964715795,2.834046747840598,0.091124633435402,0.262894040917397,18.53619374333981
GEX,GARCH,hurst,feature,False,False,False,,70.8938544375359,8.419848836976582,7.572674555575782,-4.314326160123115,-0.015615624488694024,42.32403066140999
GEX,ANN,hurst,feature,False,False,False,,0.0027193385936724462,0.052147277912393916,0.03783216777555749,-0.12140579952513098,-0.0035267613155094413,34.03088694062651
GEX,RNN,hurst,feature,False,False,False,,0.0031270657205838604,0.055920172751734776,0.045609845831258634,-0.2895450543446998,-0.03133153406153277,62.912007414131125
GEX,LSTM,hurst,feature,False,False,False,,0.0028162313501213466,0.05306817643485921,0.03975066631539098,-0.16136261081247927,0.03139796375277715,36.472433863499695
GEX,GRU,hurst,feature,False,False,False,,0.002349758527550727,0.04847430791203446,0.038854729960490844,0.031002300923319126,0.036138793939726854,44.052439407655534
GEX,CNN,hurst,feature,False,False,False,,0.0025715441701902294,0.05071039509006244,0.03754136719299415,-0.0604580661255163,0.01976883370226079,34.289408739810845
GEX,CNN_LSTM,hurst,feature,False,False,False,,0.002444723579421092,0.04944414605816438,0.03701999934802031,-0.008159560040751579,0.0037127242522504433,37.32833410660845
GEX,ARIMA,wavelet,feature,False,False,False,,12.702823412402791,3.564102048539406,2.9374060154091994,-0.021310779236695998,0.16315588651216872,19.21949039288694
GEX,GARCH,wavelet,feature,False,False,False,,66.35858810930222,8.146078081463633,7.332374104463167,-4.335250214120618,-0.01263194414518276,41.34189807175817
GEX,ANN,wavelet,feature,False,False,False,,0.026386870578389107,0.1624403600660535,0.13806289360604435,-10.609260417518927,-2.3511849471322868,165.36994575025642
GEX,RNN,wavelet,feature,False,False,False,,0.006789594291724924,0.08239899448248701,0.07287757067837092,-1.9871737926546733,0.03614208130122332,89.84415407610061
GEX,LSTM,wavelet,feature,False,False,False,,0.004080497618552285,0.063878772832235,0.05510627232579817,-0.7952700888159383,0.21881329140519512,65.32210403959385
GEX,GRU,wavelet,feature,False,False,False,,0.006484469590246235,0.08052620437004487,0.07342669303887475,-1.852930055461187,0.296342899977189,91.21206174359426
GEX,CNN,wavelet,feature,False,False,False,,0.02237752971913019,0.14959120869599987,0.14030929046045967,-8.845296706875017,-0.29106833977028823,168.19330093295633
GEX,CNN_LSTM,wavelet,feature,False,False,False,,0.003995208767874393,0.06320766383813274,0.05236732825572201,-0.7577461059969426,-0.0015603863695368148,60.155389073723164
SKEW,ARIMA,none,feature,False,False,False,,11.513700160040147,3.3931843687073866,2.7544182343067853,0.3794056249896901,0.46991275916712183,17.696373638475936
SKEW,GARCH,none,feature,False,False,False,,83.67996314673759,9.147675286472383,8.049273817180802,-3.5103931584192214,-0.018135148491324138,43.46097916660083
SKEW,ANN,none,feature,False,False,False,,0.002559048680248425,0.050587040635408045,0.03921097669170045,0.23627640194698118,0.33173568463737757,36.87003572842026
SKEW,RNN,none,feature,False,False,False,,0.002806584860375952,0.05297721076440276,0.04351744605534205,0.16240159698745105,0.1670585817901017,51.34038108986343
SKEW,LSTM,none,feature,False,False,False,,0.0031907599680537106,0.05648681233751565,0.04466502252910045,0.04774821122630912,0.14985607927361622,43.80317692803469
SKEW,GRU,none,feature,False,False,False,,0.0028089819159184733,0.05299982939518271,0.04097732186993639,0.16168621869168154,0.250736794566339,39.460753882236574
SKEW,CNN,none,feature,False,False,False,,0.0023156867158009957,0.048121582640235305,0.03896114937792283,0.3089054521684871,0.3211940155953067,41.84243639662928
SKEW,CNN_LSTM,none,feature,False,False,False,,0.002373879836236475,0.048722477730883874,0.038107738748366836,0.2915382720659958,0.3607501651974667,37.31056374187109
SKEW,ARIMA,hurst,feature,False,False,False,,12.124524539457317,3.4820287964715795,2.834046747840598,0.091124633435402,0.262894040917397,18.53619374333981
SKEW,GARCH,hurst,feature,False,False,False,,70.8938544375359,8.419848836976582,7.572674555575782,-4.314326160123115,-0.015615624488694024,42.32403066140999
SKEW,ANN,hurst,feature,False,False,False,,0.0027238137950000864,0.052190169524538685,0.04105291575899991,-0.1232512911952508,-0.07346576256042336,48.91545575829257
SKEW,RNN,hurst,feature,False,False,False,,0.011169199159429108,0.10568443196341223,0.09070297858088726,-3.605974681703695,-0.8110802986631689,119.16515309426188
SKEW,LSTM,hurst,feature,False,False,False,,0.0026586745397983937,0.051562336446270486,0.03884271974567838,-0.0963890465560957,0.0585822854238669,36.773646751502206
SKEW,GRU,hurst,feature,False,False,False,,0.0022475917700434,0.04740877313370807,0.03723704379181216,0.07313401436789913,0.07682964563095629,43.1130021389561
SKEW,CNN,hurst,feature,False,False,False,,0.004223016070762354,0.06498473721392088,0.048386006699212995,-0.7414950548122758,-0.7314917532997802,51.118013791335
SKEW,CNN_LSTM,hurst,feature,False,False,False,,0.0020275926292653308,0.04502879777725951,0.036671795243033906,0.16385766052698025,0.16777847501931675,42.454234821634564
SKEW,ARIMA,wavelet,feature,False,False,False,,12.702823412402791,3.564102048539406,2.9374060154091994,-0.021310779236695998,0.16315588651216872,19.21949039288694
SKEW,GARCH,wavelet,feature,False,False,False,,66.35858810930222,8.146078081463633,7.332374104463167,-4.335250214120618,-0.01263194414518276,41.34189807175817
SKEW,ANN,wavelet,feature,False,False,False,,0.006253283569481634,0.07907770589414967,0.0642963653524267,-1.7512166403757194,-0.2634466268649853,73.32144478793965
SKEW,RNN,wavelet,feature,False,False,False,,0.008248901748770967,0.0908234647476684,0.07873378531027861,-2.629215835789183,-0.23244536865093668,94.84984155938422
SKEW,LSTM,wavelet,feature,False,False,False,,0.006442520465809639,0.08026531296774242,0.07247929041719911,-1.8344739710829883,0.2343471039742283,89.50485428022013
SKEW,GRU,wavelet,feature,False,False,False,,0.008293621127342036,0.09106932045064373,0.08188554334283997,-2.6488907309230663,0.024136127997952173,98.53352385226611
SKEW,CNN,wavelet,feature,False,False,False,,0.00979153667349225,0.09895219387912654,0.08154369195734676,-3.3079189247760397,-0.7666440140403534,91.10878881093976
SKEW,CNN_LSTM,wavelet,feature,False,False,False,,0.00930035466875083,0.09643834646420908,0.08981144893790273,-3.091816761827155,0.2972691797981102,113.57816969061344
PUTCALLRATIO,ARIMA,none,feature,False,False,False,,11.513700160040147,3.3931843687073866,2.7544182343067853,0.3794056249896901,0.46991275916712183,17.696373638475936
PUTCALLRATIO,GARCH,none,feature,False,False,False,,83.67996314673759,9.147675286472383,8.049273817180802,-3.5103931584192214,-0.018135148491324138,43.46097916660083
PUTCALLRATIO,ANN,none,feature,False,False,False,,0.002778722701490722,0.05271359124069164,0.040180431672928556,0.1707167917696336,0.22691910079320443,39.23214046073755
PUTCALLRATIO,RNN,none,feature,False,False,False,,0.0040534493607749,0.06366670527658,0.053499028857994,-0.20971318530610894,0.10196148197108801,71.0120007988145
PUTCALLRATIO,LSTM,none,feature,False,False,False,,0.002922368492188746,0.05405893535937187,0.04383809808775747,0.12784707969115294,0.13605473456683892,51.19569919702053
PUTCALLRATIO,GRU,none,feature,False,False,False,,0.0030518831165553782,0.05524385139140263,0.042987949558582185,0.08919467902163258,0.09410883041100382,46.336931729393335
PUTCALLRATIO,CNN,none,feature,False,False,False,,0.0028295834393602193,0.05319382895938418,0.04045853021275439,0.15553789110036098,0.18433404403791986,39.78244926882438
PUTCALLRATIO,CNN_LSTM,none,feature,False,False,False,,0.002993710803018805,0.05471481337826901,0.042418167880045245,0.10655564950418983,0.11854578087426504,43.07878108040473
PUTCALLRATIO,ARIMA,hurst,feature,False,False,False,,12.124524539457317,3.4820287964715795,2.834046747840598,0.091124633435402,0.262894040917397,18.53619374333981
PUTCALLRATIO,GARCH,hurst,feature,False,False,False,,70.8938544375359,8.419848836976582,7.572674555575782,-4.314326160123115,-0.015615624488694024,42.32403066140999
PUTCALLRATIO,ANN,hurst,feature,False,False,False,,0.0034807567563711487,0.058997938577302414,0.043523031855853135,-0.4354008075395486,-0.052916925941334014,37.42143485388755
PUTCALLRATIO,RNN,hurst,feature,False,False,False,,0.002574742472968587,0.050741920272774334,0.03986197100105155,-0.06177698804742526,-0.01267657070581274,42.483632300030735
PUTCALLRATIO,LSTM,hurst,feature,False,False,False,,0.002412613008716607,0.04911835714594501,0.04002142604420577,0.005082255560240334,0.007051192516539406,48.01706334990737
PUTCALLRATIO,GRU,hurst,feature,False,False,False,,0.003136687947579196,0.05600614205227134,0.04517250215646325,-0.29351308582927627,-0.11521738127158931,62.036908423150464
PUTCALLRATIO,CNN,hurst,feature,False,False,False,,0.0032811365255120263,0.057281205691849975,0.045312249823143025,-0.3530810533504791,-0.3471664562819665,50.25194962813172
PUTCALLRATIO,CNN_LSTM,hurst,feature,False,False,False,,0.0037331018665676106,0.06109911510462006,0.04895612601558305,-0.5394633434497811,-0.3908877393501651,65.75551731880678
PUTCALLRATIO,ARIMA,wavelet,feature,False,False,False,,12.702823412402791,3.564102048539406,2.9374060154091994,-0.021310779236695998,0.16315588651216872,19.21949039288694
PUTCALLRATIO,GARCH,wavelet,feature,False,False,False,,66.35858810930222,8.146078081463633,7.332374104463167,-4.335250214120618,-0.01263194414518276,41.34189807175817
PUTCALLRATIO,ANN,wavelet,feature,False,False,False,,0.00631464232402758,0.07946472377116515,0.0653629034045808,-1.7782122539064087,-0.2688907996583896,72.84458484802066
PUTCALLRATIO,RNN,wavelet,feature,False,False,False,,0.008434552804938687,0.09183982145528533,0.08069455783523792,-2.7108955276433457,-0.08615713160780958,96.70150565977113
PUTCALLRATIO,LSTM,wavelet,feature,False,False,False,,0.01060950114722648,0.10300243272479771,0.096714460605121,-3.667793452513206,0.30246478505487295,120.54563026772757
PUTCALLRATIO,GRU,wavelet,feature,False,False,False,,0.01329996250509087,0.11532546338554582,0.10777172534061215,-4.851498297463641,0.11076125603964682,128.8039819441542
PUTCALLRATIO,CNN,wavelet,feature,False,False,False,,0.0068558767081308555,0.08280022166716014,0.0703182641328617,-2.016335637780374,-0.1887704967917958,79.2986250036602
PUTCALLRATIO,CNN_LSTM,wavelet,feature,False,False,False,,0.0047116053850245285,0.06864113478829242,0.060241205024850565,-1.0729344822016236,0.25829130034920067,73.47134760264046
DIX+GEX,ARIMA,none,feature,False,False,False,,11.513700160040147,3.3931843687073866,2.7544182343067853,0.3794056249896901,0.46991275916712183,17.696373638475936
DIX+GEX,GARCH,none,feature,False,False,False,,83.67996314673759,9.147675286472383,8.049273817180802,-3.5103931584192214,-0.018135148491324138,43.46097916660083
DIX+GEX,ANN,none,feature,False,False,False,,0.005563148612418779,0.07458651763166571,0.06468294242298109,-0.6602684847588274,-0.13720479113108563,84.91469425067429
DIX+GEX,RNN,none,feature,False,False,False,,0.017052065478695668,0.13058355745918268,0.12197455161053257,-4.089025817344314,0.19437744069831553,155.2483044724288
DIX+GEX,LSTM,none,feature,False,False,False,,0.005705560473245503,0.07553516050982816,0.0624318670806862,-0.7027699422713327,-0.44591632825106364,71.88274706055921
DIX+GEX,GRU,none,feature,False,False,False,,0.0029687313596665527,0.05448606573855881,0.04476646614037248,0.11401052541240886,0.15945354269155088,54.38099205013744
DIX+GEX,CNN,none,feature,False,False,False,,0.008051829665645724,0.08973198797332936,0.07905735885174901,-1.4029915376834592,-0.03878014018732956,98.13929243650207
DIX+GEX,CNN_LSTM,none,feature,False,False,False,,0.008964712987010147,0.09468216826314313,0.07750876559215708,-1.6754328320504523,-0.4940752144650149,89.35990513749535
DIX+GEX,ARIMA,hurst,feature,False,False,False,,12.124524539457317,3.4820287964715795,2.834046747840598,0.091124633435402,0.262894040917397,18.53619374333981
DIX+GEX,GARCH,hurst,feature,False,False,False,,70.8938544375359,8.419848836976582,7.572674555575782,-4.314326160123115,-0.015615624488694024,42.32403066140999
DIX+GEX,ANN,hurst,feature,False,False,False,,0.0030762814689574702,0.055464235944953484,0.04307253629560938,-0.2686025522116837,-0.009623758086434009,48.36629868262515
DIX+GEX,RNN,hurst,feature,False,False,False,,0.0034318807855543694,0.05858225657615426,0.049183172660471286,-0.41524524572062216,-0.07014657326975815,66.58530518652793
DIX+GEX,LSTM,hurst,feature,False,False,False,,0.0030351734647632955,0.05509240841316792,0.046653367011139195,-0.2516503586093437,-0.015227237886878742,62.64392785403926
DIX+GEX,GRU,hurst,feature,False,False,False,,0.0027616539735196206,0.05255144121258351,0.043736717556308966,-0.13885589289715394,0.04613070831491095,59.08592637486048
DIX+GEX,CNN,hurst,feature,False,False,False,,0.003852242066605729,0.06206643268793309,0.053087728018527874,-0.5885945960235544,0.00843566819626751,64.65247841718696
DIX+GEX,CNN_LSTM,hurst,feature,False,False,False,,0.0035206436057149924,0.059335011634910735,0.050277811332322855,-0.4518494190817268,0.08960275793856698,60.78673635760207
DIX+GEX,ARIMA,wavelet,feature,False,False,False,,12.702823412402791,3.564102048539406,2.9374060154091994,-0.021310779236695998,0.16315588651216872,19.21949039288694
DIX+GEX,GARCH,wavelet,feature,False,False,False,,66.35858810930222,8.146078081463633,7.332374104463167,-4.335250214120618,-0.01263194414518276,41.34189807175817
DIX+GEX,ANN,wavelet,feature,False,False,False,,0.01393580819772033,0.11805002413265459,0.10685414333082359,-5.131247205511067,-0.20805905912949552,130.24270705612676
DIX+GEX,RNN,wavelet,feature,False,False,False,,0.008221269359675364,0.0906712157174225,0.07640150373559854,-2.61705859266268,-0.443142931345623,83.90974076362488
DIX+GEX,LSTM,wavelet,feature,False,False,False,,0.006714491072016106,0.08194199821835019,0.07454275167244698,-1.9541311158732944,0.25638862323578615,92.6172733448465
DIX+GEX,GRU,wavelet,feature,False,False,False,,0.010027072940350766,0.10013527320755042,0.09345347012160596,-3.4115462894386086,0.2641270409324519,118.94494556444283
DIX+GEX,CNN,wavelet,feature,False,False,False,,0.01723741583476265,0.13129133952688063,0.12330247039586949,-6.583834117665982,0.013955235180343806,148.5566704200401
DIX+GEX,CNN_LSTM,wavelet,feature,False,False,False,,0.01658289156090217,0.128774576531636,0.12042746849629045,-6.29586731530265,-0.044584000838144844,144.4816598954575
DIX+SKEW,ARIMA,none,feature,False,False,False,,11.513700160040147,3.3931843687073866,2.7544182343067853,0.3794056249896901,0.46991275916712183,17.696373638475936
DIX+SKEW,GARCH,none,feature,False,False,False,,83.67996314673759,9.147675286472383,8.049273817180802,-3.5103931584192214,-0.018135148491324138,43.46097916660083
DIX+SKEW,ANN,none,feature,False,False,False,,0.0025039193618992786,0.05003917826962468,0.03822657513590355,0.25272921962598394,0.2541169956679622,40.74065578956905
DIX+SKEW,RNN,none,feature,False,False,False,,0.006939702033232504,0.08330487400646197,0.07212990335898774,-1.0710876847101125,-0.3455183320015809,89.17031496388525
DIX+SKEW,LSTM,none,feature,False,False,False,,0.005868311232718962,0.07660490345088206,0.06571563325027448,-0.7513413495174293,-0.25289670491985006,80.73877248875898
DIX+SKEW,GRU,none,feature,False,False,False,,0.0027457583127456315,0.0523999839002421,0.03945520183026318,0.18055469824415005,0.19176935983764132,41.94249800466557
DIX+SKEW,CNN,none,feature,False,False,False,,0.005026894237797718,0.07090059405814396,0.06188344340191694,-0.5002284966107666,0.15432344637419326,79.18392530820888
DIX+SKEW,CNN_LSTM,none,feature,False,False,False,,0.0031548808352827055,0.05616832590778103,0.04687869658640286,0.05845599517211264,0.15005951947372953,56.693686763853634
DIX+SKEW,ARIMA,hurst,feature,False,False,False,,12.124524539457317,3.4820287964715795,2.834046747840598,0.091124633435402,0.262894040917397,18.53619374333981
DIX+SKEW,GARCH,hurst,feature,False,False,False,,70.8938544375359,8.419848836976582,7.572674555575782,-4.314326160123115,-0.015615624488694024,42.32403066140999
DIX+SKEW,ANN,hurst,feature,False,False,False,,0.0026382280545353097,0.05136368419939627,0.03832244266489116,-0.08795728774265488,-0.07163643865878444,41.4118072400693
DIX+SKEW,RNN,hurst,feature,False,False,False,,0.004005241675394002,0.06328697871911726,0.054078296771815984,-0.6516888532151661,-0.12900895428323533,71.86494815541185
DIX+SKEW,LSTM,hurst,feature,False,False,False,,0.0035060329647767685,0.059211763736412786,0.05067652266916426,-0.4458242563745052,-0.16214974196608645,63.692861160931535
DIX+SKEW,GRU,hurst,feature,False,False,False,,0.004077326959961782,0.06385395022989401,0.05477286748462682,-0.6814155140888158,-0.04376165892723205,76.91127467994919
DIX+SKEW,CNN,hurst,feature,False,False,False,,0.006436616245951981,0.08022852513883065,0.06505283809791998,-1.6543435246804976,-0.3353890219730422,82.7524261380451
DIX+SKEW,CNN_LSTM,hurst,feature,False,False,False,,0.011217316269062243,0.1059118325262208,0.08517522605098954,-3.6258173029662837,-0.9420838350452454,107.28406469903058
DIX+SKEW,ARIMA,wavelet,feature,False,False,False,,12.702823412402791,3.564102048539406,2.9374060154091994,-0.021310779236695998,0.16315588651216872,19.21949039288694
DIX+SKEW,GARCH,wavelet,feature,False,False,False,,66.35858810930222,8.146078081463633,7.332374104463167,-4.335250214120618,-0.01263194414518276,41.34189807175817
DIX+SKEW,ANN,wavelet,feature,False,False,False,,0.005889249487915719,0.07674144569862962,0.06336070727075577,-1.5910549250561217,-0.1437945747905447,74.43401515877596
DIX+SKEW,RNN,wavelet,feature,False,False,False,,0.012171981785537852,0.1103267047705942,0.09728877847652113,-4.355227931475026,-0.4563878894466371,113.340270021141
DIX+SKEW,LSTM,wavelet,feature,False,False,False,,0.004155767019468737,0.06446523884597603,0.05644638124705249,-0.8283858792661098,0.2691564286994964,70.17318536555172
DIX+SKEW,GRU,wavelet,feature,False,False,False,,0.00589585708802066,0.07678448468291403,0.06853259382259355,-1.5939620280460423,0.2179777707828714,82.49937410764203
DIX+SKEW,CNN,wavelet,feature,False,False,False,,0.022487791750534156,0.1499593003135656,0.14210443908348816,-8.89380797815027,-0.11455607528367961,169.24338972382728
DIX+SKEW,CNN_LSTM,wavelet,feature,False,False,False,,0.00918715123863595,0.09584962826550737,0.08583066818029521,-3.042011382426221,-0.022447558093455555,102.02620528716623
DIX+PUTCALLRATIO,ARIMA,none,feature,False,False,False,,11.513700160040147,3.3931843687073866,2.7544182343067853,0.3794056249896901,0.46991275916712183,17.696373638475936
DIX+PUTCALLRATIO,GARCH,none,feature,False,False,False,,83.67996314673759,9.147675286472383,8.049273817180802,-3.5103931584192214,-0.018135148491324138,43.46097916660083
DIX+PUTCALLRATIO,ANN,none,feature,False,False,False,,0.004521309797135453,0.06724068557901126,0.056695773537246676,-0.3493416568556418,-0.11764626985703641,71.4652722025862
DIX+PUTCALLRATIO,RNN,none,feature,False,False,False,,0.004118134965529716,0.06417269641778905,0.05449140050759847,-0.22901798524480643,0.033719072200242395,69.87932537814889
DIX+PUTCALLRATIO,LSTM,none,feature,False,False,False,,0.006454707137458383,0.08034119203408911,0.07120882431848768,-0.9263455976615755,-0.19227601392946103,91.79018007928332
DIX+PUTCALLRATIO,GRU,none,feature,False,False,False,,0.0035197236435139186,0.059327258857239634,0.04935490473584872,-0.050427850757328585,0.060807288156945694,62.23086754216332
DIX+PUTCALLRATIO,CNN,none,feature,False,False,False,,0.01886768879459995,0.13735970586238144,0.12003031915552266,-4.630881227221378,-1.2194590258748081,152.7639851299976
DIX+PUTCALLRATIO,CNN_LSTM,none,feature,False,False,False,,0.00674366431831744,0.08211981684293651,0.07268182649751771,-1.0125821040446872,-0.24596710489223583,93.21410268568147
DIX+PUTCALLRATIO,ARIMA,hurst,feature,False,False,False,,12.124524539457317,3.4820287964715795,2.834046747840598,0.091124633435402,0.262894040917397,18.53619374333981
DIX+PUTCALLRATIO,GARCH,hurst,feature,False,False,False,,70.8938544375359,8.419848836976582,7.572674555575782,-4.314326160123115,-0.015615624488694024,42.32403066140999
DIX+PUTCALLRATIO,ANN,hurst,feature,False,False,False,,0.0031224133557200395,0.05587855899824225,0.042165775397911255,-0.2876265036530219,-0.26662169369301836,43.50957628335448
DIX+PUTCALLRATIO,RNN,hurst,feature,False,False,False,,0.003899697103194459,0.062447554821581756,0.052877221648502504,-0.6081641903988584,-0.21744020364281869,68.73176958543134
DIX+PUTCALLRATIO,LSTM,hurst,feature,False,False,False,,0.0024870417042735567,0.04987024868870775,0.039999956039896846,-0.025610785403053393,-0.025599135729874378,47.401362991573826
DIX+PUTCALLRATIO,GRU,hurst,feature,False,False,False,,0.0036673313635198017,0.060558495386855524,0.051315234191419506,-0.5123407836747251,0.01433532896964973,72.20590469800209
DIX+PUTCALLRATIO,CNN,hurst,feature,False,False,False,,0.010385032095989366,0.10190697766095003,0.08939662133589159,-3.2825984405897346,-0.562600296388045,122.15434473091076
DIX+PUTCALLRATIO,CNN_LSTM,hurst,feature,False,False,False,,0.005984900762772187,0.07736214037093458,0.06625574611896397,-1.4680642714268535,-0.5590745959128967,86.78930991514895
DIX+PUTCALLRATIO,ARIMA,wavelet,feature,False,False,False,,12.702823412402791,3.564102048539406,2.9374060154091994,-0.021310779236695998,0.16315588651216872,19.21949039288694
DIX+PUTCALLRATIO,GARCH,wavelet,feature,False,False,False,,66.35858810930222,8.146078081463633,7.332374104463167,-4.335250214120618,-0.01263194414518276,41.34189807175817
DIX+PUTCALLRATIO,ANN,wavelet,feature,False,False,False,,0.004118687875732558,0.0641770042595676,0.054183579556883736,-0.8120724087310907,0.1999552030992926,65.41863462292179
DIX+PUTCALLRATIO,RNN,wavelet,feature,False,False,False,,0.006655093647372723,0.08157875732917684,0.0750093835469927,-1.927998415947152,0.35178762137893904,93.92245205142764
DIX+PUTCALLRATIO,LSTM,wavelet,feature,False,False,False,,0.009436437815392534,0.09714132907981306,0.09093025246051249,-3.1516883818097403,0.31608156791288433,113.27625256977637
DIX+PUTCALLRATIO,GRU,wavelet,feature,False,False,False,,0.00763595702420515,0.08738396319809001,0.08130303708656145,-2.359542518224316,0.3526562031298299,102.7661401293818
DIX+PUTCALLRATIO,CNN,wavelet,feature,False,False,False,,0.020726859743701965,0.14396825950084263,0.129373712118195,-8.119062136875632,-0.9401947839703908,145.42361175398977
DIX+PUTCALLRATIO,CNN_LSTM,wavelet,feature,False,False,False,,0.012379006556730904,0.11126098398239566,0.10053717474378489,-4.446311278191625,-0.16840119985262114,118.91405878156338
GEX+SKEW,ARIMA,none,feature,False,False,False,,11.513700160040147,3.3931843687073866,2.7544182343067853,0.3794056249896901,0.46991275916712183,17.696373638475936
GEX+SKEW,GARCH,none,feature,False,False,False,,83.67996314673759,9.147675286472383,8.049273817180802,-3.5103931584192214,-0.018135148491324138,43.46097916660083
GEX+SKEW,ANN,none,feature,False,False,False,,0.0023331794496058243,0.04830299627979432,0.0369653258353884,0.30368491310476353,0.390719492292239,34.85759233358714
GEX+SKEW,RNN,none,feature,False,False,False,,0.003632102267303676,0.06026692515222322,0.05047456239925016,-0.08396617598239953,0.0767729861612868,65.69613416977795
GEX+SKEW,LSTM,none,feature,False,False,False,,0.0027706381267521667,0.05263685141374023,0.040566659614593166,0.17312955576107847,0.20119362068684987,41.59331859202637
GEX+SKEW,GRU,none,feature,False,False,False,,0.0024414707624363526,0.04941124125577451,0.03873517537510034,0.2713664067351279,0.28042360913314324,41.9229505966168
GEX+SKEW,CNN,none,feature,False,False,False,,0.0019297659268659516,0.04392910113883451,0.036363875316117886,0.42407981980119636,0.4920903678944749,45.88263021142001
GEX+SKEW,CNN_LSTM,none,feature,False,False,False,,0.002921256855892811,0.05404865267416766,0.03996064757958632,0.12817883690945453,0.2787851994371092,36.16177078729441
GEX+SKEW,ARIMA,hurst,feature,False,False,False,,12.124524539457317,3.4820287964715795,2.834046747840598,0.091124633435402,0.262894040917397,18.53619374333981
GEX+SKEW,GARCH,hurst,feature,False,False,False,,70.8938544375359,8.419848836976582,7.572674555575782,-4.314326160123115,-0.015615624488694024,42.32403066140999
GEX+SKEW,ANN,hurst,feature,False,False,False,,0.0036913626983345878,0.060756585637563504,0.044182720577113505,-0.5222508692721339,-0.5010186049304515,46.273091945297544
GEX+SKEW,RNN,hurst,feature,False,False,False,,0.0025970365590009116,0.050961127921200014,0.041315897069106634,-0.07097066382944606,-0.009679786021436376,52.80284601470871
GEX+SKEW,LSTM,hurst,feature,False,False,False,,0.0022508888818052967,0.047443533614237636,0.037163038866365364,0.07177434541748695,0.09016965808402633,41.407110301588965
GEX+SKEW,GRU,hurst,feature,False,False,False,,0.002339090377414887,0.048364143509576255,0.03746648518157712,0.03540165209656876,0.09613766408019508,37.81713922639357
GEX+SKEW,CNN,hurst,feature,False,False,False,,0.004244015235800726,0.0651461068353338,0.04882439396234277,-0.7501547287175447,-0.7297429225050078,47.19939018159495
GEX+SKEW,CNN_LSTM,hurst,feature,False,False,False,,0.002839425227879771,0.053286257401695715,0.04319712399134541,-0.1709273443444843,-0.1707875542592303,50.90907844379071
GEX+SKEW,ARIMA,wavelet,feature,False,False,False,,12.702823412402791,3.564102048539406,2.9374060154091994,-0.021310779236695998,0.16315588651216872,19.21949039288694
GEX+SKEW,GARCH,wavelet,feature,False,False,False,,66.35858810930222,8.146078081463633,7.332374104463167,-4.335250214120618,-0.01263194414518276,41.34189807175817
GEX+SKEW,ANN,wavelet,feature,False,False,False,,0.012144320621529854,0.11020127323007595,0.09836489600740518,-4.343058028436825,-0.31609618819624985,114.08682897907705
GEX+SKEW,RNN,wavelet,feature,False,False,False,,0.015988796054893544,0.12644681116933532,0.11825690301948882,-6.03448696625207,0.034593887501709664,139.79579472413212
GEX+SKEW,LSTM,wavelet,feature,False,False,False,,0.007915785001232896,0.08897069743029384,0.0820390502011293,-2.482656619526015,0.2907238235210998,102.01247851550703
GEX+SKEW,GRU,wavelet,feature,False,False,False,,0.007150108483851161,0.08455831410246517,0.07779542045152509,-2.145786885032241,0.343589928731701,95.82200355212919
GEX+SKEW,CNN,wavelet,feature,False,False,False,,0.00838685954790272,0.09157979879811223,0.08001977842120936,-2.6899122344769455,-0.1981068488366402,93.21911838557787
GEX+SKEW,CNN_LSTM,wavelet,feature,False,False,False,,0.013189213077370449,0.1148442992811156,0.10677646751813229,-4.802772589590174,0.05542727432345984,129.3332266950646
GEX+PUTCALLRATIO,ARIMA,none,feature,False,False,False,,11.513700160040147,3.3931843687073866,2.7544182343067853,0.3794056249896901,0.46991275916712183,17.696373638475936
GEX+PUTCALLRATIO,GARCH,none,feature,False,False,False,,83.67996314673759,9.147675286472383,8.049273817180802,-3.5103931584192214,-0.018135148491324138,43.46097916660083
GEX+PUTCALLRATIO,ANN,none,feature,False,False,False,,0.0030712157385118246,0.055418550490894516,0.040904701561105476,0.08342504293993724,0.20645113983819097,35.25387761168081
GEX+PUTCALLRATIO,RNN,none,feature,False,False,False,,0.0035517122042275184,0.05959624320565449,0.050354483870802234,-0.05997453069088743,0.13358747196854337,64.52449844588098
GEX+PUTCALLRATIO,LSTM,none,feature,False,False,False,,0.0028124937128409487,0.05303294931305394,0.04150645574435842,0.16063815649498892,0.17039606369628169,44.04672666595444
GEX+PUTCALLRATIO,GRU,none,feature,False,False,False,,0.003363197833309031,0.05799308435761139,0.043737230408062794,-0.003714220070851759,0.12178940676389316,40.28418217431547
GEX+PUTCALLRATIO,CNN,none,feature,False,False,False,,0.0028306841897751717,0.053204174552145544,0.0413752317371372,0.15520938266910123,0.1729194714551502,40.50961318155044
GEX+PUTCALLRATIO,CNN_LSTM,none,feature,False,False,False,,0.002669861381526359,0.05167070138411476,0.04125403688245382,0.20320541131551617,0.20325365874612822,42.90421892692623
GEX+PUTCALLRATIO,ARIMA,hurst,feature,False,False,False,,12.124524539457317,3.4820287964715795,2.834046747840598,0.091124633435402,0.262894040917397,18.53619374333981
GEX+PUTCALLRATIO,GARCH,hurst,feature,False,False,False,,70.8938544375359,8.419848836976582,7.572674555575782,-4.314326160123115,-0.015615624488694024,42.32403066140999
GEX+PUTCALLRATIO,ANN,hurst,feature,False,False,False,,0.0030585174756780835,0.0553038649253204,0.0391565885362076,-0.26127700432567114,-0.16041624044519853,34.43037581559918
GEX+PUTCALLRATIO,RNN,hurst,feature,False,False,False,,0.008951156835157004,0.09461055350835341,0.08335873095321142,-2.6912943503103826,-0.1461426964698913,116.14440447540106
GEX+PUTCALLRATIO,LSTM,hurst,feature,False,False,False,,0.0030546155802531685,0.05526857678874288,0.04541011549389788,-0.2596679335873595,-0.08767968495433798,61.666753418116606
GEX+PUTCALLRATIO,GRU,hurst,feature,False,False,False,,0.002188386361599599,0.04678019197908019,0.038156200884041085,0.0975492484790984,0.09799222790784068,44.678418468279006
GEX+PUTCALLRATIO,CNN,hurst,feature,False,False,False,,0.0027494307067954956,0.052435014129830225,0.04010533291569888,-0.1338152399143031,-0.12014965647293607,41.04934070084282
GEX+PUTCALLRATIO,CNN_LSTM,hurst,feature,False,False,False,,0.0029276698279052187,0.05410794606991859,0.04359759151257227,-0.20731781314288078,-0.19414903975294884,49.75597785377276
GEX+PUTCALLRATIO,ARIMA,wavelet,feature,False,False,False,,12.702823412402791,3.564102048539406,2.9374060154091994,-0.021310779236695998,0.16315588651216872,19.21949039288694
GEX+PUTCALLRATIO,GARCH,wavelet,feature,False,False,False,,66.35858810930222,8.146078081463633,7.332374104463167,-4.335250214120618,-0.01263194414518276,41.34189807175817
GEX+PUTCALLRATIO,ANN,wavelet,feature,False,False,False,,0.008534359981870618,0.09238159980142484,0.07492129839944292,-2.7548070443614043,-0.4844614016330431,85.57989409856862
GEX+PUTCALLRATIO,RNN,wavelet,feature,False,False,False,,0.01210042103896131,0.11000191379681223,0.09865273264767715,-4.32374381363653,-0.257617750547257,112.09862020878059
GEX+PUTCALLRATIO,LSTM,wavelet,feature,False,False,False,,0.012353433522683614,0.1111460009297843,0.10033587633146875,-4.4350600761576775,-0.20207159521921558,116.26715999213222
GEX+PUTCALLRATIO,GRU,wavelet,feature,False,False,False,,0.007992482156804105,0.08940068320099184,0.0827941139508388,-2.5164005699374123,0.31226252289566736,101.80564280415716
GEX+PUTCALLRATIO,CNN,wavelet,feature,False,False,False,,0.03640870634404574,0.19081065574030645,0.17544119549988252,-15.01850254115297,-1.5510923841224797,197.19710870361914
GEX+PUTCALLRATIO,CNN_LSTM,wavelet,feature,False,False,False,,0.006580108802551224,0.08111786981024109,0.07495645018885363,-1.8950078197976796,0.3849200858720504,94.07318594040022
SKEW+PUTCALLRATIO,ARIMA,none,feature,False,False,False,,11.513700160040147,3.3931843687073866,2.7544182343067853,0.3794056249896901,0.46991275916712183,17.696373638475936
SKEW+PUTCALLRATIO,GARCH,none,feature,False,False,False,,83.67996314673759,9.147675286472383,8.049273817180802,-3.5103931584192214,-0.018135148491324138,43.46097916660083
SKEW+PUTCALLRATIO,ANN,none,feature,False,False,False,,0.003383997450270748,0.05817213637361746,0.04427398237559697,-0.009921666778190286,0.015474464129817789,42.81543548307446
SKEW+PUTCALLRATIO,RNN,none,feature,False,False,False,,0.0029527423980201055,0.054339142411526015,0.04513688548329952,0.11878227806096375,0.1350910562729144,53.64407688064692
SKEW+PUTCALLRATIO,LSTM,none,feature,False,False,False,,0.0028344439401211128,0.05323949605434966,0.04016744619808903,0.1540873211451662,0.212726168725073,39.18801548075049
SKEW+PUTCALLRATIO,GRU,none,feature,False,False,False,,0.003179384087631071,0.05638602741487532,0.04279716278995584,0.05114323391362896,0.13509809313609789,40.41960623174843
SKEW+PUTCALLRATIO,CNN,none,feature,False,False,False,,0.004116623952961476,0.06416092232006547,0.047386194495959155,-0.22856703799857914,-0.22781366294148997,48.15875724145314
SKEW+PUTCALLRATIO,CNN_LSTM,none,feature,False,False,False,,0.0028010599370751695,0.0529250407375863,0.0431674053453004,0.1640504574936259,0.16910506250149404,48.035719259276725
SKEW+PUTCALLRATIO,ARIMA,hurst,feature,False,False,False,,12.124524539457317,3.4820287964715795,2.834046747840598,0.091124633435402,0.262894040917397,18.53619374333981
SKEW+PUTCALLRATIO,GARCH,hurst,feature,False,False,False,,70.8938544375359,8.419848836976582,7.572674555575782,-4.314326160123115,-0.015615624488694024,42.32403066140999
SKEW+PUTCALLRATIO,ANN,hurst,feature,False,False,False,,0.0035683100205398765,0.05973533309976497,0.045002701288479593,-0.47150618199884753,-0.2329414292407752,39.57188931082951
SKEW+PUTCALLRATIO,RNN,hurst,feature,False,False,False,,0.0023975028669344436,0.048964301965150524,0.0389473867316752,0.011313403334773708,0.021212753714439203,43.06605739801989
SKEW+PUTCALLRATIO,LSTM,hurst,feature,False,False,False,,0.0024216334249765343,0.049210094746673004,0.0402910108291585,0.0013623998822637207,0.015404133014201626,49.97949141281446
SKEW+PUTCALLRATIO,GRU,hurst,feature,False,False,False,,0.00261808936166091,0.051167268460031265,0.03888848841588478,-0.07965245691476275,0.04787931249415789,37.37569499249034
SKEW+PUTCALLRATIO,CNN,hurst,feature,False,False,False,,0.004472632763147736,0.0668777449017813,0.05142659783968052,-0.8444324408187815,-0.7206561784043306,60.317158772039434
SKEW+PUTCALLRATIO,CNN_LSTM,hurst,feature,False,False,False,,0.002243355602192221,0.047364075016748934,0.03835183519031314,0.07488093297786103,0.11472254795052517,45.16930979754431
SKEW+PUTCALLRATIO,ARIMA,wavelet,feature,False,False,False,,12.702823412402791,3.564102048539406,2.9374060154091994,-0.021310779236695998,0.16315588651216872,19.21949039288694
SKEW+PUTCALLRATIO,GARCH,wavelet,feature,False,False,False,,66.35858810930222,8.146078081463633,7.332374104463167,-4.335250214120618,-0.01263194414518276,41.34189807175817
SKEW+PUTCALLRATIO,ANN,wavelet,feature,False,False,False,,0.004364994267705984,0.06606810325494432,0.0518106739893161,-0.9204382355321239,-0.29390274402287986,55.074224206179714
SKEW+PUTCALLRATIO,RNN,wavelet,feature,False,False,False,,0.0029534057442280057,0.05434524582912479,0.03951983909802053,-0.299390782301415,-0.2979454999714781,38.20139929006163
SKEW+PUTCALLRATIO,LSTM,wavelet,feature,False,False,False,,0.007256731386673418,0.08518645072236206,0.07322455327877213,-2.1926970724930137,-0.16618139884270566,85.48378770453583
SKEW+PUTCALLRATIO,GRU,wavelet,feature,False,False,False,,0.008072851466641022,0.08984904822334526,0.08249661977667393,-2.55176013425942,0.2509819318991897,100.38659572761621
SKEW+PUTCALLRATIO,CNN,wavelet,feature,False,False,False,,0.04236617085232536,0.2058304419961376,0.1963738200093245,-17.639569586571685,-0.7258371438590976,225.23243144746198
SKEW+PUTCALLRATIO,CNN_LSTM,wavelet,feature,False,False,False,,0.0073319489867264935,0.08562680063348445,0.07821781791872447,-2.2257900724530812,0.31541320168151055,97.2159978576262
DIX+GEX+SKEW,ARIMA,none,feature,False,False,False,,11.513700160040147,3.3931843687073866,2.7544182343067853,0.3794056249896901,0.46991275916712183,17.696373638475936
DIX+GEX+SKEW,GARCH,none,feature,False,False,False,,83.67996314673759,9.147675286472383,8.049273817180802,-3.5103931584192214,-0.018135148491324138,43.46097916660083
DIX+GEX+SKEW,ANN,none,feature,False,False,False,,0.005083539909062498,0.07129894746111262,0.05937542872438223,-0.5171338553115894,0.027034436860044475,68.05563179980815
DIX+GEX+SKEW,RNN,none,feature,False,False,False,,0.006582281344734594,0.08113125997255678,0.06876553856485193,-0.964418899413026,-0.11125389083159543,88.04288542511188
DIX+GEX+SKEW,LSTM,none,feature,False,False,False,,0.004818393044519288,0.06941464574943308,0.05840509457508205,-0.4380033100568743,-0.20268867892381448,69.0111957605389
DIX+GEX+SKEW,GRU,none,feature,False,False,False,,0.0026264831574138144,0.05124922592014258,0.04017420847684148,0.21615122733382142,0.2190667841386278,45.95421493390875
DIX+GEX+SKEW,CNN,none,feature,False,False,False,,0.0038444611859614853,0.06200371913007707,0.05275605924159018,-0.14734266377170013,0.1358663616196053,63.64762885809303
DIX+GEX+SKEW,CNN_LSTM,none,feature,False,False,False,,0.005741936774159686,0.07577556845157736,0.06386385998071137,-0.71362610129342,0.06408043048442558,76.59422856710347
DIX+GEX+SKEW,ARIMA,hurst,feature,False,False,False,,12.124524539457317,3.4820287964715795,2.834046747840598,0.091124633435402,0.262894040917397,18.53619374333981
DIX+GEX+SKEW,GARCH,hurst,feature,False,False,False,,70.8938544375359,8.419848836976582,7.572674555575782,-4.314326160123115,-0.015615624488694024,42.32403066140999
DIX+GEX+SKEW,ANN,hurst,feature,False,False,False,,0.004086230250848239,0.06392362826723964,0.050994841880226086,-0.6850870693920665,-0.1549368163740532,60.274236238458975
DIX+GEX+SKEW,RNN,hurst,feature,False,False,False,,0.004819563649811733,0.06942307721364513,0.05766921597871967,-0.9875004314120355,-0.4171756701181786,80.32420312861764
DIX+GEX+SKEW,LSTM,hurst,feature,False,False,False,,0.003024219993466903,0.054992908574350775,0.04595802503897835,-0.2471333461765084,-0.017744555470187162,62.37621884741711
DIX+GEX+SKEW,GRU,hurst,feature,False,False,False,,0.004408267687654703,0.06639478659996358,0.056900257259107405,-0.817889453817195,-0.11087678285737379,80.30066243931684
DIX+GEX+SKEW,CNN,hurst,feature,False,False,False,,0.00777212565601207,0.08815966002663617,0.07632490247104202,-2.2050833263538183,-0.19392833660972686,94.31627804170505
DIX+GEX+SKEW,CNN_LSTM,hurst,feature,False,False,False,,0.005168657546247105,0.07189337623346886,0.06030455165940136,-1.1314604079123383,-0.06898397879374141,72.42791005165682
DIX+GEX+SKEW,ARIMA,wavelet,feature,False,False,False,,12.702823412402791,3.564102048539406,2.9374060154091994,-0.021310779236695998,0.16315588651216872,19.21949039288694
DIX+GEX+SKEW,GARCH,wavelet,feature,False,False,False,,66.35858810930222,8.146078081463633,7.332374104463167,-4.335250214120618,-0.01263194414518276,41.34189807175817
DIX+GEX+SKEW,ANN,wavelet,feature,False,False,False,,0.005228012926371083,0.07230499931796613,0.058138635169053265,-1.300134960987192,-0.19758746588445875,64.5853761002463
DIX+GEX+SKEW,RNN,wavelet,feature,False,False,False,,0.008196956158813672,0.09053704302004607,0.0804373814395021,-2.6063616712695836,0.05125015920930254,95.16590010007339
DIX+GEX+SKEW,LSTM,wavelet,feature,False,False,False,,0.007211754808690688,0.08492205136883287,0.07712360275877131,-2.1729090190010627,0.24909918112509888,92.84112922945414
DIX+GEX+SKEW,GRU,wavelet,feature,False,False,False,,0.010747927506990723,0.10367221183610738,0.09624959430688525,-3.7286960007853915,0.1891597546997742,116.54619926941032
DIX+GEX+SKEW,CNN,wavelet,feature,False,False,False,,0.010199969284491205,0.10099489731907847,0.08339487588497299,-3.4876143733138987,-0.7365366156842672,92.47046234281247
DIX+GEX+SKEW,CNN_LSTM,wavelet,feature,False,False,False,,0.01013282169029744,0.10066191777577774,0.09183337068445623,-3.4580718815246776,0.08101652979927088,120.28649481414408
DIX+GEX+PUTCALLRATIO,ARIMA,none,feature,False,False,False,,11.513700160040147,3.3931843687073866,2.7544182343067853,0.3794056249896901,0.46991275916712183,17.696373638475936
DIX+GEX+PUTCALLRATIO,GARCH,none,feature,False,False,False,,83.67996314673759,9.147675286472383,8.049273817180802,-3.5103931584192214,-0.018135148491324138,43.46097916660083
DIX+GEX+PUTCALLRATIO,ANN,none,feature,False,False,False,,0.0038807081160707126,0.06229532980947057,0.04751675638110247,-0.15816021331464536,-0.14432464995517247,48.90240750775905
DIX+GEX+PUTCALLRATIO,RNN,none,feature,False,False,False,,0.0034379836977098763,0.058634321840624,0.04822961324602033,-0.026033345879030723,0.05060064973842038,58.58354212336905
DIX+GEX+PUTCALLRATIO,LSTM,none,feature,False,False,False,,0.0031618991755562095,0.05623076716137002,0.04521039258045571,0.05636143865686882,0.08106819754005357,53.5267372809196
DIX+GEX+PUTCALLRATIO,GRU,none,feature,False,False,False,,0.002950275425523765,0.05431643789428542,0.043065685947955075,0.11951852240275562,0.12037665328286251,48.65497380439914
DIX+GEX+PUTCALLRATIO,CNN,none,feature,False,False,False,,0.011870967679108833,0.10895397046050609,0.0969614484954561,-2.5427767428714874,-0.276681894156972,120.42259737095
DIX+GEX+PUTCALLRATIO,CNN_LSTM,none,feature,False,False,False,,0.013475962124758309,0.11608601175317511,0.09552870894919815,-3.0217719813550064,-1.021098965780543,110.36863861236664
DIX+GEX+PUTCALLRATIO,ARIMA,hurst,feature,False,False,False,,12.124524539457317,3.4820287964715795,2.834046747840598,0.091124633435402,0.262894040917397,18.53619374333981
DIX+GEX+PUTCALLRATIO,GARCH,hurst,feature,False,False,False,,70.8938544375359,8.419848836976582,7.572674555575782,-4.314326160123115,-0.015615624488694024,42.32403066140999
DIX+GEX+PUTCALLRATIO,ANN,hurst,feature,False,False,False,,0.00200050107479482,0.044726961385665585,0.033279654292428705,0.1750297250768209,0.17503780310455685,34.357347409316034
DIX+GEX+PUTCALLRATIO,RNN,hurst,feature,False,False,False,,0.0026409942062206996,0.05139060426012424,0.041581525204404717,-0.08909799841016053,-0.0881311041629691,47.438843973779555
DIX+GEX+PUTCALLRATIO,LSTM,hurst,feature,False,False,False,,0.0027474250195575656,0.05241588518338277,0.04372694224349037,-0.13298813095998563,0.0062661225445928,57.85370342829547
DIX+GEX+PUTCALLRATIO,GRU,hurst,feature,False,False,False,,0.0032149009021668396,0.05670009613895588,0.0471882356328536,-0.3257666864204882,-0.0072515486036928145,65.70650610842638
DIX+GEX+PUTCALLRATIO,CNN,hurst,feature,False,False,False,,0.004286772718225645,0.0654734504835788,0.05703485366052871,-0.767787137155379,0.02087713680804848,71.93101178692065
DIX+GEX+PUTCALLRATIO,CNN_LSTM,hurst,feature,False,False,False,,0.005758626644428146,0.07588561553040303,0.06290767870560748,-1.3747529385961879,-0.3749102091950276,74.81492389941887
DIX+GEX+PUTCALLRATIO,ARIMA,wavelet,feature,False,False,False,,12.702823412402791,3.564102048539406,2.9374060154091994,-0.021310779236695998,0.16315588651216872,19.21949039288694
DIX+GEX+PUTCALLRATIO,GARCH,wavelet,feature,False,False,False,,66.35858810930222,8.146078081463633,7.332374104463167,-4.335250214120618,-0.01263194414518276,41.34189807175817
DIX+GEX+PUTCALLRATIO,ANN,wavelet,feature,False,False,False,,0.005425512577485157,0.07365807883379227,0.060164195565338544,-1.3870276023612793,-0.05010806758945918,66.73287030624053
DIX+GEX+PUTCALLRATIO,RNN,wavelet,feature,False,False,False,,0.013082277232610401,0.11437778295023208,0.10710194572898046,-4.755724719093416,0.164005426129747,128.6407750415848
DIX+GEX+PUTCALLRATIO,LSTM,wavelet,feature,False,False,False,,0.013185491276068693,0.11482809445457454,0.10843502878066605,-4.80113513279491,0.2414034398056787,131.38870022164411
DIX+GEX+PUTCALLRATIO,GRU,wavelet,feature,False,False,False,,0.005618688279093693,0.07495791005019879,0.06818961383858252,-1.4720178636978063,0.3632900649519334,84.47713923232646
DIX+GEX+PUTCALLRATIO,CNN,wavelet,feature,False,False,False,,0.013921291527348062,0.11798852286281095,0.11108125465095803,-5.124860400139574,0.19771279867920977,132.34389701547823
DIX+GEX+PUTCALLRATIO,CNN_LSTM,wavelet,feature,False,False,False,,0.007212255681479642,0.08492500033252659,0.07060250936648717,-2.173129384755529,-0.43052763492980173,79.31435408162683
DIX+SKEW+PUTCALLRATIO,ARIMA,none,feature,False,False,False,,11.513700160040147,3.3931843687073866,2.7544182343067853,0.3794056249896901,0.46991275916712183,17.696373638475936
DIX+SKEW+PUTCALLRATIO,GARCH,none,feature,False,False,False,,83.67996314673759,9.147675286472383,8.049273817180802,-3.5103931584192214,-0.018135148491324138,43.46097916660083
DIX+SKEW+PUTCALLRATIO,ANN,none,feature,False,False,False,,0.0048647241169172415,0.06974757427263863,0.052332184145210583,-0.4518303753981969,-0.2909332898355206,47.08994149219603
DIX+SKEW+PUTCALLRATIO,RNN,none,feature,False,False,False,,0.003563294071819393,0.05969333356262987,0.04967186577657535,-0.06343102827833524,0.04732189679580445,60.63073247591208
DIX+SKEW+PUTCALLRATIO,LSTM,none,feature,False,False,False,,0.004988429627557176,0.07062881584422308,0.05469639864122631,-0.48874910164757224,-0.4380933955173494,57.23244638207612
DIX+SKEW+PUTCALLRATIO,GRU,none,feature,False,False,False,,0.004537541124734678,0.06736127318225717,0.056159433483511226,-0.3541857413042635,-0.22164622203553108,67.52189756772535
DIX+SKEW+PUTCALLRATIO,CNN,none,feature,False,False,False,,0.006822282678734278,0.0825971105955546,0.07094123117465236,-1.0360450016261225,-0.11962950540526829,88.96623924724068
DIX+SKEW+PUTCALLRATIO,CNN_LSTM,none,feature,False,False,False,,0.012444230723266121,0.1115537122791802,0.09083998225705338,-2.713861614407471,-0.9489536571434489,108.8531520971916
DIX+SKEW+PUTCALLRATIO,ARIMA,hurst,feature,False,False,False,,12.124524539457317,3.4820287964715795,2.834046747840598,0.091124633435402,0.262894040917397,18.53619374333981
DIX+SKEW+PUTCALLRATIO,GARCH,hurst,feature,False,False,False,,70.8938544375359,8.419848836976582,7.572674555575782,-4.314326160123115,-0.015615624488694024,42.32403066140999
DIX+SKEW+PUTCALLRATIO,ANN,hurst,feature,False,False,False,,0.0034786152648183266,0.05897978691736964,0.04471882830546329,-0.43451769535463836,-0.3915921591604814,49.19728167621202
DIX+SKEW+PUTCALLRATIO,RNN,hurst,feature,False,False,False,,0.0035649641243495536,0.0597073205256236,0.047678668830943856,-0.47012639523703426,-0.3929190180807125,55.80711893288256
DIX+SKEW+PUTCALLRATIO,LSTM,hurst,feature,False,False,False,,0.0028138194467547616,0.053045446993637085,0.04034779492627413,-0.16036798571155342,-0.15408434099800083,45.217846860156165
DIX+SKEW+PUTCALLRATIO,GRU,hurst,feature,False,False,False,,0.002585364155762044,0.05084647633575058,0.041350263843771835,-0.06615717693343415,0.06454564428917031,55.25804309104898
DIX+SKEW+PUTCALLRATIO,CNN,hurst,feature,False,False,False,,0.005709345024305167,0.0755602079424426,0.06418192830879095,-1.3544300943779297,-0.0823119046434464,85.92230434285726
DIX+SKEW+PUTCALLRATIO,CNN_LSTM,hurst,feature,False,False,False,,0.0062077757386147766,0.07878943925815678,0.06548398031485707,-1.5599738596849932,-0.292767590897552,80.44356070724486
DIX+SKEW+PUTCALLRATIO,ARIMA,wavelet,feature,False,False,False,,12.702823412402791,3.564102048539406,2.9374060154091994,-0.021310779236695998,0.16315588651216872,19.21949039288694
DIX+SKEW+PUTCALLRATIO,GARCH,wavelet,feature,False,False,False,,66.35858810930222,8.146078081463633,7.332374104463167,-4.335250214120618,-0.01263194414518276,41.34189807175817
DIX+SKEW+PUTCALLRATIO,ANN,wavelet,feature,False,False,False,,0.0064771504856761634,0.0804807460556633,0.0626595257026619,-1.849709916463476,-0.6887599233367594,64.06934814237863
DIX+SKEW+PUTCALLRATIO,RNN,wavelet,feature,False,False,False,,0.004792640786314256,0.06922890138023466,0.05869993331089886,-1.1085871024627423,0.06472694228378673,68.12272302535042
DIX+SKEW+PUTCALLRATIO,LSTM,wavelet,feature,False,False,False,,0.004558019050961298,0.0675131028094643,0.05975820701411869,-1.0053620982989866,0.2739088390287312,72.41972743978594
DIX+SKEW+PUTCALLRATIO,GRU,wavelet,feature,False,False,False,,0.006268290014994229,0.07917253321066738,0.07210242163761679,-1.7578189289411434,0.2971593170491953,89.4509362922757
DIX+SKEW+PUTCALLRATIO,CNN,wavelet,feature,False,False,False,,0.021854367187493496,0.14783222648493627,0.13145310430286483,-8.615124278795081,-1.1109952382304065,146.6001780009246
DIX+SKEW+PUTCALLRATIO,CNN_LSTM,wavelet,feature,False,False,False,,0.006002565328209161,0.07747622427693002,0.06711823461179668,-1.6409097608347136,-0.016695296432267748,79.81382666738443
GEX+SKEW+PUTCALLRATIO,ARIMA,none,feature,False,False,False,,11.513700160040147,3.3931843687073866,2.7544182343067853,0.3794056249896901,0.46991275916712183,17.696373638475936
GEX+SKEW+PUTCALLRATIO,GARCH,none,feature,False,False,False,,83.67996314673759,9.147675286472383,8.049273817180802,-3.5103931584192214,-0.018135148491324138,43.46097916660083
GEX+SKEW+PUTCALLRATIO,ANN,none,feature,False,False,False,,0.0027709792962190894,0.05264009209926489,0.040846590097280776,0.17302773699739682,0.1807786703210782,40.783978266917
GEX+SKEW+PUTCALLRATIO,RNN,none,feature,False,False,False,,0.002855073294637386,0.05343288589096967,0.044450591445754424,0.14793068763589268,0.1826306367911551,54.26335955203959
GEX+SKEW+PUTCALLRATIO,LSTM,none,feature,False,False,False,,0.0029592156723312834,0.05439867344275302,0.04037161410751119,0.11685039126792418,0.20903163312925443,37.826686626674466
GEX+SKEW+PUTCALLRATIO,GRU,none,feature,False,False,False,,0.0028324331937433925,0.05322060873142464,0.040502180950807716,0.15468740916624124,0.19202115846845091,40.88450567260175
GEX+SKEW+PUTCALLRATIO,CNN,none,feature,False,False,False,,0.0027657044613156193,0.05258996540515709,0.040948454713478466,0.17460196101380854,0.18978498687358702,39.829185350487315
GEX+SKEW+PUTCALLRATIO,CNN_LSTM,none,feature,False,False,False,,0.0031523726525398634,0.05614599409165238,0.04234891979498476,0.059204538317744415,0.05920504172421581,41.768729587858424
GEX+SKEW+PUTCALLRATIO,ARIMA,hurst,feature,False,False,False,,12.124524539457317,3.4820287964715795,2.834046747840598,0.091124633435402,0.262894040917397,18.53619374333981
GEX+SKEW+PUTCALLRATIO,GARCH,hurst,feature,False,False,False,,70.8938544375359,8.419848836976582,7.572674555575782,-4.314326160123115,-0.015615624488694024,42.32403066140999
GEX+SKEW+PUTCALLRATIO,ANN,hurst,feature,False,False,False,,0.0032327642480378042,0.05685740275494304,0.042373622331474854,-0.33313320550907655,-0.3330010718797378,43.829003032673846
GEX+SKEW+PUTCALLRATIO,RNN,hurst,feature,False,False,False,,0.0022906589034651526,0.04786082848703262,0.03829461198981049,0.05537391148830406,0.05775881332941213,45.64811852486748
GEX+SKEW+PUTCALLRATIO,LSTM,hurst,feature,False,False,False,,0.0023150744945217884,0.04811522102746477,0.040188005454634704,0.04530536560238363,0.07226836231294209,49.563088289042966
GEX+SKEW+PUTCALLRATIO,GRU,hurst,feature,False,False,False,,0.00229572790538501,0.047913754866269975,0.03865134626191431,0.05328354724901474,0.07727766720027618,49.141775429514055
GEX+SKEW+PUTCALLRATIO,CNN,hurst,feature,False,False,False,,0.004144148244921384,0.0643750591838282,0.04756615692845882,-0.7089713972214939,-0.7068276947971268,46.686048176305235
GEX+SKEW+PUTCALLRATIO,CNN_LSTM,hurst,feature,False,False,False,,0.0028960730014008095,0.05381517445294412,0.04163593394764317,-0.19428785631033252,-0.17247145541977793,45.12719734424574
GEX+SKEW+PUTCALLRATIO,ARIMA,wavelet,feature,False,False,False,,12.702823412402791,3.564102048539406,2.9374060154091994,-0.021310779236695998,0.16315588651216872,19.21949039288694
GEX+SKEW+PUTCALLRATIO,GARCH,wavelet,feature,False,False,False,,66.35858810930222,8.146078081463633,7.332374104463167,-4.335250214120618,-0.01263194414518276,41.34189807175817
GEX+SKEW+PUTCALLRATIO,ANN,wavelet,feature,False,False,False,,0.006590039821806847,0.08117906024220067,0.06698398919294803,-1.8993771059700366,-0.17288033495170274,74.5740014866945
GEX+SKEW+PUTCALLRATIO,RNN,wavelet,feature,False,False,False,,0.005759095533099488,0.07588870491120196,0.06730770097433966,-1.533791933169955,0.2212642788812278,80.70628394021489
GEX+SKEW+PUTCALLRATIO,LSTM,wavelet,feature,False,False,False,,0.0066762788958103165,0.08170849953224155,0.07118966806784814,-1.9373191523865572,0.006528859666581233,83.16953097860855
GEX+SKEW+PUTCALLRATIO,GRU,wavelet,feature,False,False,False,,0.00626735539776419,0.0791666305823621,0.07168831556716118,-1.7574077314563192,0.30792837925042693,85.97574852596162
GEX+SKEW+PUTCALLRATIO,CNN,wavelet,feature,False,False,False,,0.008735787789954846,0.09346543633854627,0.08305688523253703,-2.8434279314966533,0.006449764329066965,97.03653875219102
GEX+SKEW+PUTCALLRATIO,CNN_LSTM,wavelet,feature,False,False,False,,0.007725304220259477,0.08789370978778559,0.08059980578934757,-2.398852024953747,0.2585415648676147,103.55933084452644
DIX+GEX+SKEW+PUTCALLRATIO,ARIMA,none,feature,False,False,False,,11.513700160040147,3.3931843687073866,2.7544182343067853,0.3794056249896901,0.46991275916712183,17.696373638475936
DIX+GEX+SKEW+PUTCALLRATIO,GARCH,none,feature,False,False,False,,83.67996314673759,9.147675286472383,8.049273817180802,-3.5103931584192214,-0.018135148491324138,43.46097916660083
DIX+GEX+SKEW+PUTCALLRATIO,ANN,none,feature,False,False,False,,0.004861792131470637,0.06972655255690358,0.05946258745614277,-0.45095535238984086,-0.014361966304687668,74.91360464221374
DIX+GEX+SKEW+PUTCALLRATIO,RNN,none,feature,False,False,False,,0.00339001857140172,0.058223865994982846,0.04793417630863721,-0.011718612780019733,0.13336986505113058,60.881580705007856
DIX+GEX+SKEW+PUTCALLRATIO,LSTM,none,feature,False,False,False,,0.0029315287350682646,0.05414359366599399,0.04266068195139664,0.1251132928331763,0.1367426928189338,49.3547554007209
DIX+GEX+SKEW+PUTCALLRATIO,GRU,none,feature,False,False,False,,0.004151747140189049,0.06443405264446005,0.053895335364211414,-0.23904921722852923,-0.026548591201717597,65.19887107181103
DIX+GEX+SKEW+PUTCALLRATIO,CNN,none,feature,False,False,False,,0.007090917230391548,0.08420758416194796,0.07414958413296947,-1.1162164137358497,0.03397632949992613,92.85652620354753
DIX+GEX+SKEW+PUTCALLRATIO,CNN_LSTM,none,feature,False,False,False,,0.004387807057405296,0.0662405242838951,0.05770929095262316,-0.30949904130729156,0.14490256167643623,70.0448163351518
DIX+GEX+SKEW+PUTCALLRATIO,ARIMA,hurst,feature,False,False,False,,12.124524539457317,3.4820287964715795,2.834046747840598,0.091124633435402,0.262894040917397,18.53619374333981
DIX+GEX+SKEW+PUTCALLRATIO,GARCH,hurst,feature,False,False,False,,70.8938544375359,8.419848836976582,7.572674555575782,-4.314326160123115,-0.015615624488694024,42.32403066140999
DIX+GEX+SKEW+PUTCALLRATIO,ANN,hurst,feature,False,False,False,,0.004558533150160516,0.0675169101052508,0.05717337757991359,-0.8798561987876237,-0.20584975171333686,80.36428397556242
DIX+GEX+SKEW+PUTCALLRATIO,RNN,hurst,feature,False,False,False,,0.007019911517657697,0.08378491223160467,0.07433719875025348,-1.8948838906534622,-0.1488249940064008,97.67795794448139
DIX+GEX+SKEW+PUTCALLRATIO,LSTM,hurst,feature,False,False,False,,0.0024984873959935194,0.04998487167127189,0.04071258910053036,-0.030330780590195117,0.06645045979570208,53.0597596686734
DIX+GEX+SKEW+PUTCALLRATIO,GRU,hurst,feature,False,False,False,,0.0026758375123430455,0.05172849806772903,0.04340416415333578,-0.10346674441742398,0.1249159566559298,58.7540943981784
DIX+GEX+SKEW+PUTCALLRATIO,CNN,hurst,feature,False,False,False,,0.005038227246509578,0.07098047088114855,0.06099488465307326,-1.0776733234720979,-0.015663189098706898,78.36447234869357
DIX+GEX+SKEW+PUTCALLRATIO,CNN_LSTM,hurst,feature,False,False,False,,0.004620545933860839,0.06797459771018023,0.05755599296329781,-0.9054291434176354,-0.019357273569266864,72.67870630636024
DIX+GEX+SKEW+PUTCALLRATIO,ARIMA,wavelet,feature,False,False,False,,12.702823412402791,3.564102048539406,2.9374060154091994,-0.021310779236695998,0.16315588651216872,19.21949039288694
DIX+GEX+SKEW+PUTCALLRATIO,GARCH,wavelet,feature,False,False,False,,66.35858810930222,8.146078081463633,7.332374104463167,-4.335250214120618,-0.01263194414518276,41.34189807175817
DIX+GEX+SKEW+PUTCALLRATIO,ANN,wavelet,feature,False,False,False,,0.005709002728780582,0.07555794285699276,0.06883024936677179,-1.511752926738542,0.4049066499634846,87.5874235606422
DIX+GEX+SKEW+PUTCALLRATIO,RNN,wavelet,feature,False,False,False,,0.005778016065724545,0.07601326243310798,0.06058289162022694,-1.5421162772724482,-0.39275917655136316,63.86431660638028
DIX+GEX+SKEW+PUTCALLRATIO,LSTM,wavelet,feature,False,False,False,,0.005393243652220887,0.07343870677116317,0.0645977153408222,-1.3728304524691208,0.18344601707049302,75.83723941691456
DIX+GEX+SKEW+PUTCALLRATIO,GRU,wavelet,feature,False,False,False,,0.00823467720557371,0.09074512221366893,0.08397553099047221,-2.62295755571741,0.3245030152436861,101.41004077429423
DIX+GEX+SKEW+PUTCALLRATIO,CNN,wavelet,feature,False,False,False,,0.011521158176507203,0.10733665812064024,0.09610309961495068,-4.068889286630406,-0.2318235790204235,111.9896668026444
DIX+GEX+SKEW+PUTCALLRATIO,CNN_LSTM,wavelet,feature,False,False,False,,0.010520259930721039,0.10256831835767338,0.08631248286661046,-3.628530572918975,-0.6162430861999926,95.931742774786
